{
  "metadata": {
    "evaluation": "figure_generation",
    "description": "7 publication-quality figures from 5 experiment outputs",
    "figures": [
      {
        "filename": "fig1_pipeline.png",
        "description": "Method pipeline: Raw Features -> CoI matrix -> Signed Graph -> Spectral Clustering -> FIGS Ensemble",
        "data_sources": [],
        "width_inches": 10,
        "height_inches": 3
      },
      {
        "filename": "fig2_cd_diagram.png",
        "description": "Critical difference diagram (Friedman + Nemenyi) for 8 methods on 7 classification datasets",
        "data_sources": [
          "exp_id1_it5__opus",
          "exp_id2_it4__opus"
        ],
        "friedman_chi2": 37.095238095238074,
        "friedman_p": 4.4997760782980035e-06,
        "critical_difference": 3.9685105518317574,
        "average_ranks": {
          "axis_aligned": 6.142857142857143,
          "random_oblique": 5.285714285714286,
          "hard_threshold": 4.714285714285714,
          "unsigned_spectral": 4.428571428571429,
          "signed_spectral": 4.428571428571429,
          "ebm": 1.5714285714285714,
          "random_forest": 1.5714285714285714,
          "linear": 7.857142857142857
        },
        "significant_pairs": 4
      },
      {
        "filename": "fig3_accuracy_bars.png",
        "description": "Grouped bar chart of balanced accuracy for 8 methods across 7 datasets",
        "data_sources": [
          "exp_id1_it5__opus",
          "exp_id2_it4__opus"
        ],
        "method_avg_accuracy": {
          "axis_aligned": 0.7281849999999999,
          "random_oblique": 0.732333857142857,
          "hard_threshold": 0.7358341428571428,
          "unsigned_spectral": 0.7351034285714286,
          "signed_spectral": 0.7356948571428571,
          "ebm": 0.7703187142857144,
          "random_forest": 0.7764782857142857,
          "linear": 0.7043937142857144
        }
      }
    ]
  },
  "metrics_agg": {
    "n_figures_generated": 7,
    "friedman_chi2": 37.095238095238074,
    "friedman_p_value": 4.4997760782980035e-06,
    "critical_difference": 3.9685105518317574,
    "avg_rank_axis_aligned": 6.142857142857143,
    "avg_rank_random_oblique": 5.285714285714286,
    "avg_rank_hard_threshold": 4.714285714285714,
    "avg_rank_unsigned_spectral": 4.428571428571429,
    "avg_rank_signed_spectral": 4.428571428571429,
    "avg_rank_ebm": 1.5714285714285714,
    "avg_rank_random_forest": 1.5714285714285714,
    "avg_rank_linear": 7.857142857142857,
    "mean_accuracy_axis_aligned": 0.7281849999999999,
    "mean_accuracy_random_oblique": 0.732333857142857,
    "mean_accuracy_hard_threshold": 0.7358341428571428,
    "mean_accuracy_unsigned_spectral": 0.7351034285714286,
    "mean_accuracy_signed_spectral": 0.7356948571428571,
    "mean_accuracy_ebm": 0.7703187142857144,
    "mean_accuracy_random_forest": 0.7764782857142857,
    "mean_accuracy_linear": 0.7043937142857144,
    "mean_hedges_g_real": 0.4257215355604271,
    "mean_hedges_g_synthetic": 0.587578768491718,
    "scaling_exponent_coi": 1.632519588585856,
    "scaling_exponent_sponge": 0.7275444036454798,
    "scaling_exponent_total": 1.591918746919814
  },
  "datasets": [
    {
      "dataset": "accuracy_comparison",
      "examples": [
        {
          "input": "{\"dataset\": \"adult\", \"method\": \"axis_aligned\", \"n_features\": 6}",
          "output": "0.677758",
          "eval_balanced_accuracy_mean": 0.677758,
          "metadata_dataset": "adult",
          "metadata_method": "axis_aligned"
        },
        {
          "input": "{\"dataset\": \"adult\", \"method\": \"random_oblique\", \"n_features\": 6}",
          "output": "0.707565",
          "eval_balanced_accuracy_mean": 0.707565,
          "metadata_dataset": "adult",
          "metadata_method": "random_oblique"
        },
        {
          "input": "{\"dataset\": \"adult\", \"method\": \"hard_threshold\", \"n_features\": 6}",
          "output": "0.702933",
          "eval_balanced_accuracy_mean": 0.702933,
          "metadata_dataset": "adult",
          "metadata_method": "hard_threshold"
        }
      ]
    },
    {
      "dataset": "effect_sizes",
      "examples": [
        {
          "input": "{\"comparison\": \"unsigned_vs_signed_spectral\", \"dataset\": \"adult\"}",
          "output": "0.021248",
          "eval_hedges_g": 0.021247581997075125,
          "metadata_dataset": "adult"
        },
        {
          "input": "{\"comparison\": \"unsigned_vs_signed_spectral\", \"dataset\": \"electricity\"}",
          "output": "-0.737897",
          "eval_hedges_g": -0.7378971365579425,
          "metadata_dataset": "electricity"
        },
        {
          "input": "{\"comparison\": \"unsigned_vs_signed_spectral\", \"dataset\": \"credit\"}",
          "output": "0.060742",
          "eval_hedges_g": 0.06074219053663074,
          "metadata_dataset": "credit"
        }
      ]
    },
    {
      "dataset": "module_recovery",
      "examples": [
        {
          "input": "{\"variant\": \"easy_2mod_xor\", \"method\": \"sponge_oracle_k\"}",
          "output": "1.000000",
          "eval_jaccard": 1.0,
          "metadata_variant": "easy_2mod_xor",
          "metadata_method": "sponge_oracle_k"
        },
        {
          "input": "{\"variant\": \"easy_2mod_xor\", \"method\": \"sponge_auto_k\"}",
          "output": "1.000000",
          "eval_jaccard": 1.0,
          "metadata_variant": "easy_2mod_xor",
          "metadata_method": "sponge_auto_k"
        },
        {
          "input": "{\"variant\": \"easy_2mod_xor\", \"method\": \"unsigned_spectral\"}",
          "output": "1.000000",
          "eval_jaccard": 1.0,
          "metadata_variant": "easy_2mod_xor",
          "metadata_method": "unsigned_spectral"
        }
      ]
    }
  ]
}